{"train_loss": 0.012587046772921925, "val_loss": 0.0004627344105989696, "lr": 0.0002999259840548597, "_timestamp": 1757716447, "_runtime": 93, "_step": 0, "_wandb": {"runtime": 88}}