{"train_loss": 8.274180995963085e-05, "val_loss": 0.00011651513509255332, "lr": 0.0002952874741692946, "_timestamp": 1757624164, "_runtime": 723, "_step": 7}