{"train_loss": 4.053325173094308e-05, "val_loss": 8.780213549751072e-05, "lr": 0.00024193605804794655, "_timestamp": 1757718941, "_runtime": 2281, "_step": 28}